{
	"class_name" : "PinholeCameraParameters",
	"extrinsic" : 
	[
		0.20530377132059541,
		-0.68954118701352995,
		-0.69453820117651766,
		0.0,
		-0.73315654929748109,
		0.36174791625242414,
		-0.57586449735093015,
		0.0,
		0.64833003609562223,
		0.62743238400564039,
		-0.43127342579533912,
		0.0,
		-0.029424610912201388,
		0.10276192382843874,
		2417.6164029253487,
		1.0
	],
	"intrinsic" : 
	{
		"height" : 749,
		"intrinsic_matrix" : 
		[
			648.65302743454458,
			0.0,
			0.0,
			0.0,
			648.65302743454458,
			0.0,
			684.5,
			374.0,
			1.0
		],
		"width" : 1370
	},
	"version_major" : 1,
	"version_minor" : 0
}